Name,Docs URL,Number of pages,Example URL,Rendering apps,Navigation document type,Content purpose,User journey,Search user need,Email document type,Government document type,Content Purpose Subgroup,Content Purpose Supergroup
aaib_report,https://docs.publishing.service.gov.uk/document-types/aaib_report.html,10821,https://www.gov.uk/aaib-reports/aaib-investigation-to-cessna-citation-cj1-n680kh,government-frontend,other,reports,thing,government,other,other,incidents,transparency
about,https://docs.publishing.service.gov.uk/document-types/about.html,350,https://www.gov.uk/government/organisations/disclosure-and-barring-service/about,"government-frontend, whitehall-frontend",other,corporate-info,thing,government,other,other,other,other
about_our_services,https://docs.publishing.service.gov.uk/document-types/about_our_services.html,55,https://www.gov.uk/government/organisations/companies-house/about-our-services,"government-frontend, whitehall-frontend",other,corporate-info,thing,government,other,other,other,other
access_and_opening,https://docs.publishing.service.gov.uk/document-types/access_and_opening.html,18,https://www.gov.uk/government/organisations/companies-house/about/access-and-opening,"government-frontend, whitehall-frontend",other,corporate-info,thing,government,other,other,other,other
accessible_documents_policy,https://docs.publishing.service.gov.uk/document-types/accessible_documents_policy.html,93,https://www.gov.uk/government/organisations/home-office/about/accessible-documents-policy,"",other,other,thing,government,other,other,other,other
ambassador_role,https://docs.publishing.service.gov.uk/document-types/ambassador_role.html,0,,"",other,other,thing,government,other,other,other,other
answer,https://docs.publishing.service.gov.uk/document-types/answer.html,761,https://www.gov.uk/find-coronavirus-local-restrictions,government-frontend,guidance,guidance,thing,core,other,other,transactions,services
asylum_support_decision,https://docs.publishing.service.gov.uk/document-types/asylum_support_decision.html,96,https://www.gov.uk/asylum-support-tribunal-decisions/pa-and-ma-v-secretary-of-state-for-the-home-department-as-20-09-42386-and-as-20-09-42397,government-frontend,other,decisions,thing,government,other,other,decisions,news_and_communications
authored_article,https://docs.publishing.service.gov.uk/document-types/authored_article.html,456,https://www.gov.uk/government/speeches/exams-and-assessments-in-the-months-ahead,government-frontend,other,speeches-and-statements,thing,government,announcements,statements,speeches_and_statements,news_and_communications
board_member_role,https://docs.publishing.service.gov.uk/document-types/board_member_role.html,0,,"",other,other,thing,government,other,other,other,other
business_finance_support_scheme,https://docs.publishing.service.gov.uk/document-types/business_finance_support_scheme.html,173,https://www.gov.uk/business-finance-support/bcrs-business-loans-west-midlands,government-frontend,other,grants-and-funding,thing,government,other,other,business_support,guidance_and_regulation
calculator,https://docs.publishing.service.gov.uk/document-types/calculator.html,0,,calculators,other,transactions,thing,government,other,other,transactions,services
calendar,https://docs.publishing.service.gov.uk/document-types/calendar.html,2,https://www.gov.uk/bank-holidays,frontend,other,guidance,thing,government,other,other,guidance,guidance_and_regulation
case_study,https://docs.publishing.service.gov.uk/document-types/case_study.html,1827,https://www.gov.uk/government/case-studies/tax-avoidance-dont-get-caught-out,government-frontend,other,news,thing,government,other,other,news,news_and_communications
chief_professional_officer_role,https://docs.publishing.service.gov.uk/document-types/chief_professional_officer_role.html,0,,"",other,other,thing,government,other,other,other,other
chief_scientific_advisor_role,https://docs.publishing.service.gov.uk/document-types/chief_scientific_advisor_role.html,0,,"",other,other,thing,government,other,other,other,other
chief_scientific_officer_role,https://docs.publishing.service.gov.uk/document-types/chief_scientific_officer_role.html,0,,"",other,other,thing,government,other,other,other,other
closed_consultation,https://docs.publishing.service.gov.uk/document-types/closed_consultation.html,897,https://www.gov.uk/government/consultations/independent-faith-engagement-review-call-for-evidence,government-frontend,other,engagement-activities,thing,government,publications,consultations,consultations,policy_and_engagement
cma_case,https://docs.publishing.service.gov.uk/document-types/cma_case.html,2104,https://www.gov.uk/cma-cases/electric-vehicle-charging-market-study,government-frontend,other,engagement-activities,thing,government,other,other,decisions,news_and_communications
coming_soon,https://docs.publishing.service.gov.uk/document-types/coming_soon.html,0,,"whitehall-frontend, government-frontend",other,other,thing,government,other,other,other,other
complaints_procedure,https://docs.publishing.service.gov.uk/document-types/complaints_procedure.html,123,https://www.gov.uk/government/organisations/department-for-work-pensions/about/complaints-procedure,"government-frontend, whitehall-frontend",other,corporate-info,thing,government,other,other,other,other
completed_transaction,https://docs.publishing.service.gov.uk/document-types/completed_transaction.html,0,,frontend,other,transactions,thing,government,other,other,transactions,services
consultation,https://docs.publishing.service.gov.uk/document-types/consultation.html,0,,"",other,engagement-activities,thing,government,publications,consultations,other,other
consultation_outcome,https://docs.publishing.service.gov.uk/document-types/consultation_outcome.html,4419,https://www.gov.uk/government/consultations/a-consultation-on-the-reform-to-retail-prices-index-rpi-methodology,government-frontend,other,reports,thing,government,publications,consultations,consultations,policy_and_engagement
contact,https://docs.publishing.service.gov.uk/document-types/contact.html,142,https://www.gov.uk/government/organisations/hm-revenue-customs/contact/income-tax-enquiries-for-individuals-pensioners-and-employees,government-frontend,guidance,contacts,thing,government,other,other,other,other
coronavirus_landing_page,https://docs.publishing.service.gov.uk/document-types/coronavirus_landing_page.html,4,https://www.gov.uk/coronavirus,"",other,other,thing,government,other,other,other,other
corporate_report,https://docs.publishing.service.gov.uk/document-types/corporate_report.html,11851,https://www.gov.uk/government/publications/ofsted-annual-report-201920-education-childrens-services-and-skills,"government-frontend, whitehall-frontend",other,corporate-info,thing,government,publications,corporate-reports,transparency_data,transparency
correspondence,https://docs.publishing.service.gov.uk/document-types/correspondence.html,5386,https://www.gov.uk/government/publications/guidance-to-parents-and-guardians-when-you-should-book-a-coronavirus-test-for-your-child,government-frontend,other,news,thing,government,publications,correspondence,speeches_and_statements,news_and_communications
countryside_stewardship_grant,https://docs.publishing.service.gov.uk/document-types/countryside_stewardship_grant.html,244,https://www.gov.uk/countryside-stewardship-grants/permanent-grassland-with-very-low-inputs-outside-sdas-gs2,government-frontend,other,grants-and-funding,thing,government,other,other,business_support,guidance_and_regulation
decision,https://docs.publishing.service.gov.uk/document-types/decision.html,6706,https://www.gov.uk/government/publications/regulatory-approval-of-pfizer-biontech-vaccine-for-covid-19,"government-frontend, whitehall-frontend",other,decisions,thing,government,publications,decisions,decisions,news_and_communications
deputy_head_of_mission_role,https://docs.publishing.service.gov.uk/document-types/deputy_head_of_mission_role.html,0,,"",other,other,thing,government,other,other,other,other
detailed_guidance,https://docs.publishing.service.gov.uk/document-types/detailed_guidance.html,0,,whitehall-frontend,other,other,thing,government,other,other,other,other
detailed_guide,https://docs.publishing.service.gov.uk/document-types/detailed_guide.html,6940,https://www.gov.uk/guidance/local-restriction-tiers-what-you-need-to-know,"government-frontend, whitehall-frontend",guidance,guidance,thing,government,other,other,guidance,guidance_and_regulation
dfid_research_output,https://docs.publishing.service.gov.uk/document-types/dfid_research_output.html,0,,government-frontend,other,decisions,thing,government,other,other,research,research_and_statistics
document_collection,https://docs.publishing.service.gov.uk/document-types/document_collection.html,4689,https://www.gov.uk/government/collections/financial-support-for-businesses-during-coronavirus-covid-19,"government-frontend, whitehall-frontend",guidance,navigation,finding,government,other,other,other,other
drug_safety_update,https://docs.publishing.service.gov.uk/document-types/drug_safety_update.html,667,https://www.gov.uk/drug-safety-update/quinine-not-to-be-used-routinely-for-nocturnal-leg-cramps,government-frontend,other,updates-and-alerts,thing,government,other,other,updates_and_alerts,news_and_communications
email_alert_signup,https://docs.publishing.service.gov.uk/document-types/email_alert_signup.html,0,,email-alert-frontend,other,other,thing,government,other,other,other,other
employment_appeal_tribunal_decision,https://docs.publishing.service.gov.uk/document-types/employment_appeal_tribunal_decision.html,1554,https://www.gov.uk/employment-appeal-tribunal-decisions/ms-s-omooba-v-1-michael-garrett-associates-ltd-2-leicester-theatre-trust-ltd-ukeatpa-0521-20-da,government-frontend,other,decisions,thing,government,other,other,decisions,news_and_communications
employment_tribunal_decision,https://docs.publishing.service.gov.uk/document-types/employment_tribunal_decision.html,70325,https://www.gov.uk/employment-tribunal-decisions/ms-r-taylor-v-jaguar-land-rover-ltd-1304471-2018,government-frontend,other,decisions,thing,government,other,other,decisions,news_and_communications
equality_and_diversity,https://docs.publishing.service.gov.uk/document-types/equality_and_diversity.html,47,https://www.gov.uk/government/organisations/ministry-of-justice/about/equality-and-diversity,government-frontend,other,corporate-info,thing,government,other,other,other,other
esi_fund,https://docs.publishing.service.gov.uk/document-types/esi_fund.html,1378,https://www.gov.uk/european-structural-investment-funds/skills-for-growth-project-call-in-cornwall-and-isles-of-scilly-lep-area-oc05s20p1789,government-frontend,other,grants-and-funding,thing,government,other,other,business_support,guidance_and_regulation
export_health_certificate,https://docs.publishing.service.gov.uk/document-types/export_health_certificate.html,1893,https://www.gov.uk/export-health-certificates/export-composite-food-products-intended-for-human-consumption-to-the-european-union-certificate-8281,government-frontend,other,other,thing,government,other,other,other,other
external_content,https://docs.publishing.service.gov.uk/document-types/external_content.html,524,https://www.gov.ukhttp://www.rbkc.gov.uk/,"",other,other,thing,government,other,other,other,other
facet,https://docs.publishing.service.gov.uk/document-types/facet.html,0,,"",other,other,thing,government,other,other,other,other
facet_group,https://docs.publishing.service.gov.uk/document-types/facet_group.html,0,,"",other,other,thing,government,other,other,other,other
facet_value,https://docs.publishing.service.gov.uk/document-types/facet_value.html,0,,"",other,other,thing,government,other,other,other,other
fatality_notice,https://docs.publishing.service.gov.uk/document-types/fatality_notice.html,505,https://www.gov.uk/government/fatalities/serjeant-paul-mcaleese-and-private-johnathon-young-killed-in-afghanistan,government-frontend,other,updates-and-alerts,thing,government,announcements,fatality-notices,news,news_and_communications
field_of_operation,https://docs.publishing.service.gov.uk/document-types/field_of_operation.html,0,,whitehall-frontend,other,organising-entities,thing,government,other,other,other,other
finder,https://docs.publishing.service.gov.uk/document-types/finder.html,44,https://www.gov.uk/search/all,"finder-frontend, whitehall-frontend, collections",other,navigation,finding,government,other,other,other,other
finder_email_signup,https://docs.publishing.service.gov.uk/document-types/finder_email_signup.html,0,,finder-frontend,other,other,thing,government,other,other,other,other
flood_and_coastal_erosion_risk_management_research_report,https://docs.publishing.service.gov.uk/document-types/flood_and_coastal_erosion_risk_management_research_report.html,0,,"",other,other,thing,government,other,other,other,other
foi_release,https://docs.publishing.service.gov.uk/document-types/foi_release.html,10987,https://www.gov.uk/government/publications/grade-and-salary-bands,government-frontend,other,data,thing,government,publications,foi-releases,freedom_of_information_releases,transparency
form,https://docs.publishing.service.gov.uk/document-types/form.html,4961,https://www.gov.uk/government/publications/application-for-a-vehicle-registration-certificate,"government-frontend, whitehall-frontend",guidance,transactions,thing,government,publications,forms,transactions,services
get_involved,https://docs.publishing.service.gov.uk/document-types/get_involved.html,0,,"",other,other,thing,government,other,other,other,other
gone,https://docs.publishing.service.gov.uk/document-types/gone.html,0,,"",other,other,thing,government,other,other,other,other
government,https://docs.publishing.service.gov.uk/document-types/government.html,0,,"",other,other,thing,government,other,other,other,other
government_response,https://docs.publishing.service.gov.uk/document-types/government_response.html,530,https://www.gov.uk/government/news/relationships-education-relationships-and-sex-education-rse-and-health-education-faqs,government-frontend,other,decisions,thing,government,announcements,government-responses,speeches_and_statements,news_and_communications
governor_role,https://docs.publishing.service.gov.uk/document-types/governor_role.html,0,,"",other,other,thing,government,other,other,other,other
guidance,https://docs.publishing.service.gov.uk/document-types/guidance.html,20784,https://www.gov.uk/government/publications/covid-19-winter-plan,"government-frontend, whitehall-frontend",guidance,guidance,thing,government,publications,guidance,guidance,guidance_and_regulation
guide,https://docs.publishing.service.gov.uk/document-types/guide.html,800,https://www.gov.uk/log-in-register-hmrc-online-services,government-frontend,guidance,guidance,thing,core,other,other,transactions,services
help_page,https://docs.publishing.service.gov.uk/document-types/help_page.html,10,https://www.gov.uk/help/update-email-notifications,government-frontend,other,corporate-info,thing,government,other,other,other,other
high_commissioner_role,https://docs.publishing.service.gov.uk/document-types/high_commissioner_role.html,0,,"",other,other,thing,government,other,other,other,other
history,https://docs.publishing.service.gov.uk/document-types/history.html,6,https://www.gov.uk/government/history/10-downing-street,"",other,other,thing,government,other,other,other,other
hmrc_manual,https://docs.publishing.service.gov.uk/document-types/hmrc_manual.html,223,https://www.gov.uk/hmrc-internal-manuals/capital-gains-manual,manuals-frontend,other,guidance,thing,government,other,other,guidance,guidance_and_regulation
hmrc_manual_section,https://docs.publishing.service.gov.uk/document-types/hmrc_manual_section.html,79214,https://www.gov.uk/hmrc-internal-manuals/enquiry-manual/em3058,manuals-frontend,other,guidance,thing,government,other,other,other,other
homepage,https://docs.publishing.service.gov.uk/document-types/homepage.html,0,,frontend,other,navigation,finding,government,other,other,other,other
html_publication,https://docs.publishing.service.gov.uk/document-types/html_publication.html,0,,"government-frontend, whitehall-frontend",other,guidance,thing,government,other,other,other,other
impact_assessment,https://docs.publishing.service.gov.uk/document-types/impact_assessment.html,1085,https://www.gov.uk/government/publications/equality-impact-assessment-of-the-points-based-immigration-system,government-frontend,other,reports,thing,government,publications,impact-assessments,policy,policy_and_engagement
imported,https://docs.publishing.service.gov.uk/document-types/imported.html,0,,"",other,other,thing,government,other,other,other,other
independent_report,https://docs.publishing.service.gov.uk/document-types/independent_report.html,3016,https://www.gov.uk/government/publications/priority-groups-for-coronavirus-covid-19-vaccination-advice-from-the-jcvi-2-december-2020,"government-frontend, whitehall-frontend",other,reports,thing,government,publications,independent-reports,research,research_and_statistics
international_development_fund,https://docs.publishing.service.gov.uk/document-types/international_development_fund.html,51,https://www.gov.uk/international-development-funding/nihr-global-health-research-centres-research-and-innovation,government-frontend,other,grants-and-funding,thing,government,other,other,business_support,guidance_and_regulation
international_treaty,https://docs.publishing.service.gov.uk/document-types/international_treaty.html,1123,https://www.gov.uk/government/publications/usa-tax-treaties,"government-frontend, whitehall-frontend",other,decisions,thing,government,publications,international-treaties,guidance,guidance_and_regulation
knowledge_alpha,https://docs.publishing.service.gov.uk/document-types/knowledge_alpha.html,0,,frontend,other,other,thing,government,other,other,other,other
licence,https://docs.publishing.service.gov.uk/document-types/licence.html,428,https://www.gov.uk/tv-licence,frontend,guidance,transactions,thing,government,other,other,transactions,services
license_finder,https://docs.publishing.service.gov.uk/document-types/license_finder.html,0,,licencefinder,other,other,finding,government,other,other,other,other
local_transaction,https://docs.publishing.service.gov.uk/document-types/local_transaction.html,132,https://www.gov.uk/coronavirus-local-help,frontend,guidance,transactions,thing,core,other,other,transactions,services
maib_report,https://docs.publishing.service.gov.uk/document-types/maib_report.html,970,https://www.gov.uk/maib-reports/crush-incident-on-general-cargo-vessel-karina-c-with-loss-of-1-life,government-frontend,other,reports,thing,government,other,other,incidents,transparency
mainstream_browse_page,https://docs.publishing.service.gov.uk/document-types/mainstream_browse_page.html,151,https://www.gov.uk/browse/benefits,collections,other,navigation,finding,government,other,other,other,other
manual,https://docs.publishing.service.gov.uk/document-types/manual.html,118,https://www.gov.uk/guidance/working-safely-during-coronavirus-covid-19,manuals-frontend,guidance,guidance,thing,government,other,other,guidance,guidance_and_regulation
manual_section,https://docs.publishing.service.gov.uk/document-types/manual_section.html,2063,https://www.gov.uk/guidance/working-safely-during-coronavirus-covid-19/close-contact-services,manuals-frontend,other,guidance,thing,government,other,other,guidance,guidance_and_regulation
map,https://docs.publishing.service.gov.uk/document-types/map.html,421,https://www.gov.uk/government/publications/roads-managed-by-highways-england,government-frontend,guidance,resources,thing,government,publications,maps,guidance,guidance_and_regulation
marine_notice,https://docs.publishing.service.gov.uk/document-types/marine_notice.html,0,,"",other,other,thing,government,other,other,other,other
media_enquiries,https://docs.publishing.service.gov.uk/document-types/media_enquiries.html,49,https://www.gov.uk/government/organisations/department-of-health-and-social-care/about/media-enquiries,"government-frontend, whitehall-frontend",other,corporate-info,thing,government,other,other,other,other
medical_safety_alert,https://docs.publishing.service.gov.uk/document-types/medical_safety_alert.html,852,https://www.gov.uk/drug-device-alerts/class-2-medicines-recall-kent-pharmaceuticals-ltd-betahistine-dihydrochloride-8mg-and-16mg-tablets-el-20-a-55,government-frontend,other,updates-and-alerts,thing,government,other,other,updates_and_alerts,news_and_communications
membership,https://docs.publishing.service.gov.uk/document-types/membership.html,38,https://www.gov.uk/government/organisations/commission-on-human-medicines/about/membership,government-frontend,other,corporate-info,thing,government,other,other,other,other
military_role,https://docs.publishing.service.gov.uk/document-types/military_role.html,0,,"",other,other,thing,government,other,other,other,other
ministerial_role,https://docs.publishing.service.gov.uk/document-types/ministerial_role.html,435,https://www.gov.uk/government/ministers/prime-minister,whitehall-frontend,other,organising-entities,thing,government,other,other,other,other
ministers_index,https://docs.publishing.service.gov.uk/document-types/ministers_index.html,0,,"",other,other,thing,government,other,other,other,other
national,https://docs.publishing.service.gov.uk/document-types/national.html,0,,government-frontend,other,other,thing,government,other,other,other,other
national_statistics,https://docs.publishing.service.gov.uk/document-types/national_statistics.html,10652,https://www.gov.uk/government/statistics/dfi-driver-vehicle-operator-and-enforcement-statistics-2020-21-quarter-2,government-frontend,other,data,thing,government,publications,statistics,statistics,research_and_statistics
national_statistics_announcement,https://docs.publishing.service.gov.uk/document-types/national_statistics_announcement.html,1,https://www.gov.uk/government/statistics/announcements/farming-statistics-provisional-2015-cereal-and-oilseed-rape-production-estimates-united-kingdom,government-frontend,other,updates-and-alerts,thing,government,other,other,statistics,research_and_statistics
need,https://docs.publishing.service.gov.uk/document-types/need.html,0,,info-frontend,other,other,thing,government,other,other,other,other
news_article,https://docs.publishing.service.gov.uk/document-types/news_article.html,1350,https://www.gov.uk/government/world-location-news/175060.zh-tw,whitehall-frontend,other,news,thing,government,other,other,news,news_and_communications
news_story,https://docs.publishing.service.gov.uk/document-types/news_story.html,41224,https://www.gov.uk/government/news/avian-influenza-bird-flu-national-prevention-zone-declared,"government-frontend, whitehall-frontend",other,news,thing,government,announcements,news-stories,news,news_and_communications
notice,https://docs.publishing.service.gov.uk/document-types/notice.html,4113,https://www.gov.uk/government/publications/notice-144-trade-imports-by-post-how-to-complete-customs-documents,"government-frontend, whitehall-frontend",other,engagement-activities,thing,government,publications,notices,guidance,guidance_and_regulation
official,https://docs.publishing.service.gov.uk/document-types/official.html,0,,government-frontend,other,other,thing,government,other,other,other,other
official_statistics,https://docs.publishing.service.gov.uk/document-types/official_statistics.html,12673,https://www.gov.uk/government/statistics/annual-flu-reports,"government-frontend, whitehall-frontend",other,data,thing,government,publications,statistics,statistics,research_and_statistics
official_statistics_announcement,https://docs.publishing.service.gov.uk/document-types/official_statistics_announcement.html,0,,government-frontend,other,updates-and-alerts,thing,government,other,other,statistics,research_and_statistics
open_consultation,https://docs.publishing.service.gov.uk/document-types/open_consultation.html,86,https://www.gov.uk/government/consultations/firearms-safety,government-frontend,other,engagement-activities,thing,government,publications,consultations,consultations,policy_and_engagement
oral_statement,https://docs.publishing.service.gov.uk/document-types/oral_statement.html,647,https://www.gov.uk/government/speeches/pm-statement-on-covid-19-winter-plan-23-november-2020,government-frontend,other,speeches-and-statements,thing,government,announcements,statements,speeches_and_statements,news_and_communications
organisation,https://docs.publishing.service.gov.uk/document-types/organisation.html,0,,"whitehall-frontend, collections",other,organising-entities,finding,government,other,other,other,other
our_energy_use,https://docs.publishing.service.gov.uk/document-types/our_energy_use.html,28,https://www.gov.uk/government/organisations/ministry-of-defence/about/our-energy-use,government-frontend,other,corporate-info,thing,government,other,other,other,other
our_governance,https://docs.publishing.service.gov.uk/document-types/our_governance.html,107,https://www.gov.uk/government/organisations/medicines-and-healthcare-products-regulatory-agency/about/our-governance,"government-frontend, whitehall-frontend",other,corporate-info,thing,government,other,other,other,other
person,https://docs.publishing.service.gov.uk/document-types/person.html,3958,https://www.gov.uk/government/people/jonathan-van-tam,whitehall-frontend,other,organising-entities,thing,government,other,other,other,other
personal_information_charter,https://docs.publishing.service.gov.uk/document-types/personal_information_charter.html,114,https://www.gov.uk/government/organisations/hm-courts-and-tribunals-service/about/personal-information-charter,"government-frontend, whitehall-frontend",other,corporate-info,thing,government,other,other,other,other
petitions_and_campaigns,https://docs.publishing.service.gov.uk/document-types/petitions_and_campaigns.html,4,https://www.gov.uk/government/organisations/department-for-international-development/about/petitions-and-campaigns,government-frontend,other,corporate-info,thing,government,other,other,other,other
place,https://docs.publishing.service.gov.uk/document-types/place.html,19,https://www.gov.uk/register-offices,frontend,guidance,transactions,thing,core,other,other,transactions,services
placeholder,https://docs.publishing.service.gov.uk/document-types/placeholder.html,0,,whitehall-frontend,other,other,thing,government,other,other,other,other
placeholder_ministerial_role,https://docs.publishing.service.gov.uk/document-types/placeholder_ministerial_role.html,0,,whitehall-frontend,other,other,thing,government,other,other,other,other
placeholder_organisation,https://docs.publishing.service.gov.uk/document-types/placeholder_organisation.html,0,,"",other,other,thing,government,other,other,other,other
placeholder_person,https://docs.publishing.service.gov.uk/document-types/placeholder_person.html,0,,whitehall-frontend,other,other,thing,government,other,other,other,other
placeholder_policy_area,https://docs.publishing.service.gov.uk/document-types/placeholder_policy_area.html,0,,"",other,other,thing,government,other,other,other,other
placeholder_topical_event,https://docs.publishing.service.gov.uk/document-types/placeholder_topical_event.html,0,,"",other,other,thing,government,other,other,other,other
placeholder_world_location,https://docs.publishing.service.gov.uk/document-types/placeholder_world_location.html,0,,"",other,other,thing,government,other,other,other,other
placeholder_world_location_news_page,https://docs.publishing.service.gov.uk/document-types/placeholder_world_location_news_page.html,0,,whitehall-frontend,other,other,thing,government,other,other,other,other
placeholder_worldwide_organisation,https://docs.publishing.service.gov.uk/document-types/placeholder_worldwide_organisation.html,0,,whitehall-frontend,other,other,thing,government,other,other,other,other
policy_area,https://docs.publishing.service.gov.uk/document-types/policy_area.html,0,,whitehall-frontend,other,other,thing,government,other,other,other,other
policy_paper,https://docs.publishing.service.gov.uk/document-types/policy_paper.html,10228,https://www.gov.uk/government/publications/self-employment-income-support-scheme-grant-extension,"government-frontend, whitehall-frontend",other,guidance,thing,government,publications,policy-papers,policy,policy_and_engagement
press_release,https://docs.publishing.service.gov.uk/document-types/press_release.html,29793,https://www.gov.uk/government/news/joint-statement-on-uk-wide-christmas-arrangements-from-the-uk-government-and-devolved-administrations,government-frontend,other,news,thing,government,announcements,press-releases,news,news_and_communications
procurement,https://docs.publishing.service.gov.uk/document-types/procurement.html,65,https://www.gov.uk/government/organisations/ministry-of-defence/about/procurement,"government-frontend, whitehall-frontend",other,corporate-info,thing,government,other,other,other,other
promotional,https://docs.publishing.service.gov.uk/document-types/promotional.html,825,https://www.gov.uk/government/publications/tier-posters-medium-high-and-very-high,"government-frontend, whitehall-frontend",guidance,resources,thing,government,publications,promotional-material,guidance,guidance_and_regulation
protected_food_drink_name,https://docs.publishing.service.gov.uk/document-types/protected_food_drink_name.html,0,,"",other,other,thing,government,other,other,other,other
publication_scheme,https://docs.publishing.service.gov.uk/document-types/publication_scheme.html,89,https://www.gov.uk/government/organisations/hm-revenue-customs/about/publication-scheme,"government-frontend, whitehall-frontend",other,corporate-info,thing,government,other,other,other,other
raib_report,https://docs.publishing.service.gov.uk/document-types/raib_report.html,482,https://www.gov.uk/raib-reports/report-14-2020-passenger-train-collision-with-a-derailed-locomotive-at-bromsgrove,government-frontend,other,reports,thing,government,other,other,incidents,transparency
recruitment,https://docs.publishing.service.gov.uk/document-types/recruitment.html,95,https://www.gov.uk/government/organisations/department-for-work-pensions/about/recruitment,"government-frontend, whitehall-frontend",other,corporate-info,thing,government,other,other,other,other
redirect,https://docs.publishing.service.gov.uk/document-types/redirect.html,0,,"",other,other,thing,government,other,other,other,other
regulation,https://docs.publishing.service.gov.uk/document-types/regulation.html,760,https://www.gov.uk/government/publications/model-articles-for-private-companies-limited-by-shares,government-frontend,guidance,guidance,thing,government,publications,regulations,regulation,guidance_and_regulation
research,https://docs.publishing.service.gov.uk/document-types/research.html,11943,https://www.gov.uk/government/publications/the-national-minimum-wage-in-2020,"government-frontend, whitehall-frontend",other,reports,thing,government,publications,research-and-analysis,research,research_and_statistics
research_for_development_output,https://docs.publishing.service.gov.uk/document-types/research_for_development_output.html,35027,https://www.gov.uk/research-for-development-outputs/implementing-inclusive-education,"",other,other,thing,government,other,other,other,other
residential_property_tribunal_decision,https://docs.publishing.service.gov.uk/document-types/residential_property_tribunal_decision.html,3534,https://www.gov.uk/residential-property-tribunal-decisions/18-thorpe-road-barking-ig11-9xj-lon-00ab-oce-2020-0127,government-frontend,other,other,thing,government,other,other,other,other
role_appointment,https://docs.publishing.service.gov.uk/document-types/role_appointment.html,0,,"",other,other,thing,government,other,other,other,other
search,https://docs.publishing.service.gov.uk/document-types/search.html,0,,finder-frontend,other,navigation,finding,government,other,other,other,other
service_manual_guide,https://docs.publishing.service.gov.uk/document-types/service_manual_guide.html,175,https://www.gov.uk/service-manual/agile-delivery/how-the-discovery-phase-works,service-manual-frontend,other,service-manual,thing,government,other,other,other,other
service_manual_homepage,https://docs.publishing.service.gov.uk/document-types/service_manual_homepage.html,1,https://www.gov.uk/service-manual,service-manual-frontend,other,service-manual,finding,government,other,other,other,other
service_manual_service_standard,https://docs.publishing.service.gov.uk/document-types/service_manual_service_standard.html,1,https://www.gov.uk/service-manual/service-standard,service-manual-frontend,other,service-manual,thing,government,other,other,other,other
service_manual_service_toolkit,https://docs.publishing.service.gov.uk/document-types/service_manual_service_toolkit.html,0,,service-manual-frontend,other,service-manual,thing,government,other,other,other,other
service_manual_topic,https://docs.publishing.service.gov.uk/document-types/service_manual_topic.html,9,https://www.gov.uk/service-manual/agile-delivery,service-manual-frontend,other,service-manual,finding,government,other,other,other,other
service_sign_in,https://docs.publishing.service.gov.uk/document-types/service_sign_in.html,0,,government-frontend,other,other,thing,government,other,other,other,other
service_standard_report,https://docs.publishing.service.gov.uk/document-types/service_standard_report.html,212,https://www.gov.uk/service-standard-reports/dvla-webchat-alpha-assessment,government-frontend,other,reports,thing,government,other,other,decisions,news_and_communications
services_and_information,https://docs.publishing.service.gov.uk/document-types/services_and_information.html,0,,collections,other,corporate-info,finding,government,other,other,other,other
simple_smart_answer,https://docs.publishing.service.gov.uk/document-types/simple_smart_answer.html,32,https://www.gov.uk/sold-bought-vehicle,frontend,guidance,transactions,thing,core,other,other,transactions,services
smart_answer,https://docs.publishing.service.gov.uk/document-types/smart_answer.html,0,,smartanswers,guidance,transactions,thing,core,other,other,transactions,services
social_media_use,https://docs.publishing.service.gov.uk/document-types/social_media_use.html,42,https://www.gov.uk/government/organisations/student-loans-company/about/social-media-use,"government-frontend, whitehall-frontend",other,corporate-info,thing,government,other,other,other,other
special_representative_role,https://docs.publishing.service.gov.uk/document-types/special_representative_role.html,0,,"",other,other,thing,government,other,other,other,other
special_route,https://docs.publishing.service.gov.uk/document-types/special_route.html,3,https://www.gov.uk/find-local-council,"static, publicapi, collections, feedback, whitehall-frontend, email-alert-frontend, frontend, info-frontend, email-campaign-frontend, spotlight, performanceplatform-big-screen-view, finder-frontend, search-api",other,other,thing,government,other,other,other,other
speech,https://docs.publishing.service.gov.uk/document-types/speech.html,8359,https://www.gov.uk/government/speeches/spending-review-2020-speech,"government-frontend, whitehall-frontend",other,speeches-and-statements,thing,government,announcements,speeches,speeches_and_statements,news_and_communications
staff_update,https://docs.publishing.service.gov.uk/document-types/staff_update.html,19,https://www.gov.uk/government/organisations/sellafield-ltd/about/staff-update,"government-frontend, whitehall-frontend",other,updates-and-alerts,thing,government,other,other,other,other
statistical_data_set,https://docs.publishing.service.gov.uk/document-types/statistical_data_set.html,853,https://www.gov.uk/government/statistical-data-sets/unclaimed-estates-list,"government-frontend, whitehall-frontend",other,data,thing,government,publications,statistics,statistics,research_and_statistics
statistics,https://docs.publishing.service.gov.uk/document-types/statistics.html,34,https://www.gov.uk/government/organisations/department-for-education/about/statistics,government-frontend,other,data,thing,government,other,other,statistics,research_and_statistics
statistics_announcement,https://docs.publishing.service.gov.uk/document-types/statistics_announcement.html,6,https://www.gov.uk/government/statistics/announcements/fly-tipping-statistics-for-england-2014-to-2015,government-frontend,other,updates-and-alerts,thing,government,other,other,statistics,research_and_statistics
statutory_guidance,https://docs.publishing.service.gov.uk/document-types/statutory_guidance.html,1010,https://www.gov.uk/government/publications/early-years-foundation-stage-framework--2,"government-frontend, whitehall-frontend",guidance,guidance,thing,government,publications,guidance,guidance,guidance_and_regulation
statutory_instrument,https://docs.publishing.service.gov.uk/document-types/statutory_instrument.html,310,https://www.gov.uk/eu-withdrawal-act-2018-statutory-instruments/the-money-laundering-and-terrorist-financing-amendment-eu-exit-regulations-2020,government-frontend,other,other,thing,government,other,other,regulation,guidance_and_regulation
step_by_step_nav,https://docs.publishing.service.gov.uk/document-types/step_by_step_nav.html,46,https://www.gov.uk/get-tax-free-childcare,collections,other,other,thing,government,other,other,transactions,services
take_part,https://docs.publishing.service.gov.uk/document-types/take_part.html,0,,government-frontend,other,other,thing,government,other,other,other,other
tax_tribunal_decision,https://docs.publishing.service.gov.uk/document-types/tax_tribunal_decision.html,988,https://www.gov.uk/tax-and-chancery-tribunal-decisions/safestrore-limited-v-hm-revenue-2020-ukut-0322-tcc,government-frontend,other,decisions,thing,government,other,other,decisions,news_and_communications
taxon,https://docs.publishing.service.gov.uk/document-types/taxon.html,224,https://www.gov.uk/transition,collections,other,navigation,finding,government,other,other,other,other
terms_of_reference,https://docs.publishing.service.gov.uk/document-types/terms_of_reference.html,33,https://www.gov.uk/government/organisations/government-actuarys-department/about/terms-of-reference,"government-frontend, whitehall-frontend",other,corporate-info,thing,government,other,other,other,other
topic,https://docs.publishing.service.gov.uk/document-types/topic.html,401,https://www.gov.uk/topic/personal-tax/self-assessment,collections,other,navigation,finding,government,other,other,other,other
topical_event,https://docs.publishing.service.gov.uk/document-types/topical_event.html,0,,whitehall-frontend,other,organising-entities,finding,government,other,other,other,other
topical_event_about_page,https://docs.publishing.service.gov.uk/document-types/topical_event_about_page.html,0,,government-frontend,other,other,thing,government,other,other,other,other
traffic_commissioner_regulatory_decision,https://docs.publishing.service.gov.uk/document-types/traffic_commissioner_regulatory_decision.html,0,,"",other,other,thing,government,other,other,other,other
traffic_commissioner_role,https://docs.publishing.service.gov.uk/document-types/traffic_commissioner_role.html,0,,"",other,other,thing,government,other,other,other,other
transaction,https://docs.publishing.service.gov.uk/document-types/transaction.html,326,https://www.gov.uk/sign-in-universal-credit,frontend,guidance,transactions,thing,core,other,other,transactions,services
transparency,https://docs.publishing.service.gov.uk/document-types/transparency.html,13046,https://www.gov.uk/government/publications/coronavirus-grant-funding-local-authority-payments-to-small-and-medium-businesses,"government-frontend, whitehall-frontend",other,data,thing,government,publications,transparency-data,transparency_data,transparency
travel_advice,https://docs.publishing.service.gov.uk/document-types/travel_advice.html,226,https://www.gov.uk/foreign-travel-advice/spain,government-frontend,guidance,guidance,thing,core,other,other,guidance,guidance_and_regulation
travel_advice_index,https://docs.publishing.service.gov.uk/document-types/travel_advice_index.html,1,https://www.gov.uk/foreign-travel-advice,frontend,other,navigation,thing,core,other,other,other,other
uk_market_conformity_assessment_body,https://docs.publishing.service.gov.uk/document-types/uk_market_conformity_assessment_body.html,134,https://www.gov.uk/uk-market-conformity-assessment-bodies/dnv-gl-uk-limited,"",other,other,thing,government,other,other,other,other
unpublishing,https://docs.publishing.service.gov.uk/document-types/unpublishing.html,0,,government-frontend,other,other,thing,government,other,other,other,other
utaac_decision,https://docs.publishing.service.gov.uk/document-types/utaac_decision.html,1066,https://www.gov.uk/administrative-appeals-tribunal-decisions/mh-v-secretary-of-state-for-work-and-pensions-pip-2016-ukut-0531-aac,government-frontend,other,decisions,thing,government,other,other,decisions,news_and_communications
vanish,https://docs.publishing.service.gov.uk/document-types/vanish.html,0,,"",other,other,thing,government,other,other,other,other
welsh_language_scheme,https://docs.publishing.service.gov.uk/document-types/welsh_language_scheme.html,27,https://www.gov.uk/government/organisations/land-registry/about/welsh-language-scheme,"government-frontend, whitehall-frontend",other,corporate-info,thing,government,other,other,other,other
working_group,https://docs.publishing.service.gov.uk/document-types/working_group.html,0,,government-frontend,other,organising-entities,thing,government,other,other,other,other
world_location,https://docs.publishing.service.gov.uk/document-types/world_location.html,0,,whitehall-frontend,other,organising-entities,thing,government,other,other,other,other
world_location_news_article,https://docs.publishing.service.gov.uk/document-types/world_location_news_article.html,0,,government-frontend,other,news,thing,government,other,other,news,news_and_communications
world_news_story,https://docs.publishing.service.gov.uk/document-types/world_news_story.html,13137,https://www.gov.uk/government/news/uk-announces-2-year-post-study-work-visa-for-international-students,government-frontend,other,news,thing,government,announcements,other,news,news_and_communications
worldwide_office_staff_role,https://docs.publishing.service.gov.uk/document-types/worldwide_office_staff_role.html,0,,"",other,other,thing,government,other,other,other,other
worldwide_organisation,https://docs.publishing.service.gov.uk/document-types/worldwide_organisation.html,0,,whitehall-frontend,other,organising-entities,thing,government,other,other,other,other
written_statement,https://docs.publishing.service.gov.uk/document-types/written_statement.html,1923,https://www.gov.uk/government/speeches/returning-to-a-regional-tiered-approach,government-frontend,other,speeches-and-statements,thing,government,announcements,statements,speeches_and_statements,news_and_communications

